Site,Timing,Sensor,Method,plot,MW,floral,woody,grass,broadleaf,bare,wetland,unclassified,area_sampled,site_area,plot_area
Solar (MN),Early Season,1,Site al,1,21,NA,NA,NA,NA,NA,NA,NA,557.54,5575.4,557.54
Solar (MN),Early Season,1,Site al,2,22,NA,NA,NA,NA,NA,NA,NA,557.54,5575.4,557.54
Solar (MN),Early Season,1,Site al,3,15,NA,NA,NA,NA,NA,NA,NA,557.54,5575.4,557.54
Solar (MN),Early Season,1,Site al,4,11,NA,NA,NA,NA,NA,NA,NA,557.54,5575.4,557.54
Solar (MN),Early Season,1,Site al,5,14,NA,NA,NA,NA,NA,NA,NA,557.54,5575.4,557.54
Solar (MN),Early Season,1,Site al,6,9,NA,NA,NA,NA,NA,NA,NA,557.54,5575.4,557.54
Solar (MN),Early Season,1,Site al,7,8,NA,NA,NA,NA,NA,NA,NA,557.54,5575.4,557.54
Solar (MN),Early Season,1,Site al,8,8,NA,NA,NA,NA,NA,NA,NA,557.54,5575.4,557.54
Solar (MN),Early Season,1,Site al,9,12,NA,NA,NA,NA,NA,NA,NA,557.54,5575.4,557.54
Solar (MN),Early Season,1,Site al,10,15,NA,NA,NA,NA,NA,NA,NA,557.54,5575.4,557.54
Solar (MN),Early Season,1,Transect plot,1,0,30,0,10,89,1,0,0,4,5575.4,557.54
Solar (MN),Early Season,1,Transect plot,1,0,21,0,45,45,10,0,0,4,5575.4,557.54
Solar (MN),Early Season,1,Transect plot,2,1,8,1,45,54,0,0,0,4,5575.4,557.54
Solar (MN),Early Season,1,Transect plot,2,2,0,0,70,20,10,0,0,4,5575.4,557.54
Solar (MN),Early Season,1,Transect plot,3,0,1,0,65,15,20,0,0,4,5575.4,557.54
Solar (MN),Early Season,1,Transect plot,3,0,10,0,60,30,10,0,0,4,5575.4,557.54
Solar (MN),Early Season,1,Transect plot,4,1,6,0,30,55,15,0,0,4,5575.4,557.54
Solar (MN),Early Season,1,Transect plot,4,0,10,5,70,24,1,0,0,4,5575.4,557.54
Solar (MN),Early Season,1,Transect plot,5,0,6,12,20,58,10,0,0,4,5575.4,557.54
Solar (MN),Early Season,1,Transect plot,5,0,10,0,35,50,15,0,0,4,5575.4,557.54
Solar (MN),Early Season,1,Transect plot,6,0,30,3,37,45,15,0,0,4,5575.4,557.54
Solar (MN),Early Season,1,Transect plot,6,0,0,0,40,35,25,0,0,4,5575.4,557.54
Solar (MN),Early Season,1,Transect plot,7,0,0,0,60,20,20,0,0,4,5575.4,557.54
Solar (MN),Early Season,1,Transect plot,7,0,5,0,53,35,12,0,0,4,5575.4,557.54
Solar (MN),Early Season,1,Transect plot,8,0,35,0,10,65,25,0,0,4,5575.4,557.54
Solar (MN),Early Season,1,Transect plot,8,5,15,5,50,30,15,0,0,4,5575.4,557.54
Solar (MN),Early Season,1,Transect plot,9,0,4,4,51,30,15,0,0,4,5575.4,557.54
Solar (MN),Early Season,1,Transect plot,9,0,15,0,52,45,3,0,0,4,5575.4,557.54
Solar (MN),Early Season,1,Transect plot,10,0,5,1,55,26,18,0,0,4,5575.4,557.54
Solar (MN),Early Season,1,Transect plot,10,0,0,40,35,0,25,0,0,4,5575.4,557.54
Solar (MN),Early Season,1,Square plot,1,0,0,0,55,40,5,0,0,1,5575.4,557.54
Solar (MN),Early Season,1,Square plot,1,1,35,0,40,60,0,0,0,1,5575.4,557.54
Solar (MN),Early Season,1,Square plot,1,0,10,0,5,93,2,0,0,1,5575.4,557.54
Solar (MN),Early Season,1,Square plot,1,0,6,5,35,60,0,0,0,1,5575.4,557.54
Solar (MN),Early Season,1,Square plot,1,0,3,0,5,88,7,0,0,1,5575.4,557.54
Solar (MN),Early Season,1,Square plot,1,0,0,0,50,50,0,0,0,1,5575.4,557.54
Solar (MN),Early Season,1,Square plot,1,0,3,0,10,87,3,0,0,1,5575.4,557.54
Solar (MN),Early Season,1,Square plot,1,0,0,0,75,0,25,0,0,1,5575.4,557.54
Solar (MN),Early Season,1,Square plot,1,0,5,0,60,40,0,0,0,1,5575.4,557.54
Solar (MN),Early Season,1,Square plot,1,0,5,0,0,95,5,0,0,1,5575.4,557.54
Solar (MN),Early Season,1,Square plot,2,0,0,0,80,20,0,0,0,1,5575.4,557.54
Solar (MN),Early Season,1,Square plot,2,0,5,0,60,40,0,0,0,1,5575.4,557.54
Solar (MN),Early Season,1,Square plot,2,0,0,0,90,5,5,0,0,1,5575.4,557.54
Solar (MN),Early Season,1,Square plot,2,0,10,0,40,55,5,0,0,1,5575.4,557.54
Solar (MN),Early Season,1,Square plot,2,0,5,0,60,30,10,0,0,1,5575.4,557.54
Solar (MN),Early Season,1,Square plot,2,0,5,0,90,10,0,0,0,1,5575.4,557.54
Solar (MN),Early Season,1,Square plot,2,0,5,0,60,30,10,0,0,1,5575.4,557.54
Solar (MN),Early Season,1,Square plot,2,0,0,0,45,35,20,0,0,1,5575.4,557.54
Solar (MN),Early Season,1,Square plot,2,0,0,0,85,15,0,0,0,1,5575.4,557.54
Solar (MN),Early Season,1,Square plot,2,1,0,0,60,20,20,0,0,1,5575.4,557.54
Solar (MN),Early Season,1,Square plot,3,0,0,0,40,40,20,0,0,1,5575.4,557.54
Solar (MN),Early Season,1,Square plot,3,0,0,0,70,10,20,0,0,1,5575.4,557.54
Solar (MN),Early Season,1,Square plot,3,0,0,0,50,40,10,0,0,1,5575.4,557.54
Solar (MN),Early Season,1,Square plot,3,0,0,0,35,40,25,0,0,1,5575.4,557.54
Solar (MN),Early Season,1,Square plot,3,0,10,0,25,65,10,0,0,1,5575.4,557.54
Solar (MN),Early Season,1,Square plot,3,0,0,0,50,25,25,0,0,1,5575.4,557.54
Solar (MN),Early Season,1,Square plot,3,0,0,0,90,10,0,0,0,1,5575.4,557.54
Solar (MN),Early Season,1,Square plot,3,0,5,0,75,20,5,0,0,1,5575.4,557.54
Solar (MN),Early Season,1,Square plot,3,0,0,0,15,50,35,0,0,1,5575.4,557.54
Solar (MN),Early Season,1,Square plot,3,0,0,0,90,5,5,0,0,1,5575.4,557.54
Solar (MN),Early Season,1,Square plot,4,0,2,0,65,30,5,0,0,1,5575.4,557.54
Solar (MN),Early Season,1,Square plot,4,0,5,0,40,50,10,0,0,1,5575.4,557.54
Solar (MN),Early Season,1,Square plot,4,0,7,0,15,75,10,0,0,1,5575.4,557.54
Solar (MN),Early Season,1,Square plot,4,0,0,0,60,25,15,0,0,1,5575.4,557.54
Solar (MN),Early Season,1,Square plot,4,0,10,0,15,85,0,0,0,1,5575.4,557.54
Solar (MN),Early Season,1,Square plot,4,0,0,0,10,85,5,0,0,1,5575.4,557.54
Solar (MN),Early Season,1,Square plot,4,0,0,0,80,15,5,0,0,1,5575.4,557.54
Solar (MN),Early Season,1,Square plot,4,0,45,0,10,90,0,0,0,1,5575.4,557.54
Solar (MN),Early Season,1,Square plot,4,0,10,0,10,90,0,0,0,1,5575.4,557.54
Solar (MN),Early Season,1,Square plot,4,0,15,0,1,84,15,0,0,1,5575.4,557.54
Solar (MN),Early Season,1,Square plot,5,0,25,0,2,98,0,0,0,1,5575.4,557.54
Solar (MN),Early Season,1,Square plot,5,0,30,0,20,75,5,0,0,1,5575.4,557.54
Solar (MN),Early Season,1,Square plot,5,0,1,0,0,100,0,0,0,1,5575.4,557.54
Solar (MN),Early Season,1,Square plot,5,0,0,0,85,15,0,0,0,1,5575.4,557.54
Solar (MN),Early Season,1,Square plot,5,0,0,0,90,10,0,0,0,1,5575.4,557.54
Solar (MN),Early Season,1,Square plot,5,0,5,0,15,80,5,0,0,1,5575.4,557.54
Solar (MN),Early Season,1,Square plot,5,0,10,0,60,40,0,0,0,1,5575.4,557.54
Solar (MN),Early Season,1,Square plot,5,0,0,0,75,10,15,0,0,1,5575.4,557.54
Solar (MN),Early Season,1,Square plot,5,0,5,0,15,80,5,0,0,1,5575.4,557.54
Solar (MN),Early Season,1,Square plot,5,0,0,0,80,10,10,0,0,1,5575.4,557.54
Solar (MN),Early Season,1,Square plot,6,0,0,0,85,10,5,0,0,1,5575.4,557.54
Solar (MN),Early Season,1,Square plot,6,0,0,0,65,15,20,0,0,1,5575.4,557.54
Solar (MN),Early Season,1,Square plot,6,0,0,0,90,10,0,0,0,1,5575.4,557.54
Solar (MN),Early Season,1,Square plot,6,0,5,0,15,85,0,0,0,1,5575.4,557.54
Solar (MN),Early Season,1,Square plot,6,0,0,0,95,5,0,0,0,1,5575.4,557.54
Solar (MN),Early Season,1,Square plot,6,0,0,0,10,50,40,0,0,1,5575.4,557.54
Solar (MN),Early Season,1,Square plot,6,0,0,0,85,10,5,0,0,1,5575.4,557.54
Solar (MN),Early Season,1,Square plot,6,0,1,0,10,35,55,0,0,1,5575.4,557.54
Solar (MN),Early Season,1,Square plot,6,0,0,0,15,65,20,0,0,1,5575.4,557.54
Solar (MN),Early Season,1,Square plot,6,0,0,0,45,45,10,0,0,1,5575.4,557.54
Solar (MN),Early Season,1,Square plot,7,0,3,0,25,35,40,0,0,1,5575.4,557.54
Solar (MN),Early Season,1,Square plot,7,1,3,0,73,12,15,0,0,1,5575.4,557.54
Solar (MN),Early Season,1,Square plot,7,0,0,0,35,35,30,0,0,1,5575.4,557.54
Solar (MN),Early Season,1,Square plot,7,0,38,0,30,60,10,0,0,1,5575.4,557.54
Solar (MN),Early Season,1,Square plot,7,0,0,0,70,20,10,0,0,1,5575.4,557.54
Solar (MN),Early Season,1,Square plot,7,0,0,0,80,12,8,0,0,1,5575.4,557.54
Solar (MN),Early Season,1,Square plot,7,0,0,0,5,40,55,0,0,1,5575.4,557.54
Solar (MN),Early Season,1,Square plot,7,0,0,0,20,70,10,0,0,1,5575.4,557.54
Solar (MN),Early Season,1,Square plot,7,0,0,0,80,10,10,0,0,1,5575.4,557.54
Solar (MN),Early Season,1,Square plot,7,0,5,0,85,12,3,0,0,1,5575.4,557.54
Solar (MN),Early Season,1,Square plot,8,0,30,0,5,90,5,0,0,1,5575.4,557.54
Solar (MN),Early Season,1,Square plot,8,2,12,0,10,78,12,0,0,1,5575.4,557.54
Solar (MN),Early Season,1,Square plot,8,0,5,0,15,80,5,0,0,1,5575.4,557.54
Solar (MN),Early Season,1,Square plot,8,0,4,0,60,20,20,0,0,1,5575.4,557.54
Solar (MN),Early Season,1,Square plot,8,0,3,0,20,60,20,0,0,1,5575.4,557.54
Solar (MN),Early Season,1,Square plot,8,0,5,0,30,65,5,0,0,1,5575.4,557.54
Solar (MN),Early Season,1,Square plot,8,0,0,0,80,15,5,0,0,1,5575.4,557.54
Solar (MN),Early Season,1,Square plot,8,0,3,0,30,45,25,0,0,1,5575.4,557.54
Solar (MN),Early Season,1,Square plot,8,0,5,0,70,28,2,0,0,1,5575.4,557.54
Solar (MN),Early Season,1,Square plot,8,0,0,0,70,10,20,0,0,1,5575.4,557.54
Solar (MN),Early Season,1,Square plot,9,0,0,0,58,15,27,0,0,1,5575.4,557.54
Solar (MN),Early Season,1,Square plot,9,0,0,0,80,8,12,0,0,1,5575.4,557.54
Solar (MN),Early Season,1,Square plot,9,0,15,0,60,35,5,0,0,1,5575.4,557.54
Solar (MN),Early Season,1,Square plot,9,0,0,0,55,40,5,0,0,1,5575.4,557.54
Solar (MN),Early Season,1,Square plot,9,0,1,0,70,22,8,0,0,1,5575.4,557.54
Solar (MN),Early Season,1,Square plot,9,0,0,0,30,50,20,0,0,1,5575.4,557.54
Solar (MN),Early Season,1,Square plot,9,0,0,0,82,10,8,0,0,1,5575.4,557.54
Solar (MN),Early Season,1,Square plot,9,0,5,0,35,50,15,0,0,1,5575.4,557.54
Solar (MN),Early Season,1,Square plot,9,0,25,0,13,85,2,0,0,1,5575.4,557.54
Solar (MN),Early Season,1,Square plot,9,0,22,0,20,80,0,0,0,1,5575.4,557.54
Solar (MN),Early Season,1,Square plot,10,0,2,0,81,12,7,0,0,1,5575.4,557.54
Solar (MN),Early Season,1,Square plot,10,0,6,0,35,35,30,0,0,1,5575.4,557.54
Solar (MN),Early Season,1,Square plot,10,0,0,0,80,7,13,0,0,1,5575.4,557.54
Solar (MN),Early Season,1,Square plot,10,0,0,0,25,40,35,0,0,1,5575.4,557.54
Solar (MN),Early Season,1,Square plot,10,0,3,0,70,20,10,0,0,1,5575.4,557.54
Solar (MN),Early Season,1,Square plot,10,1,0,0,63,17,20,0,0,1,5575.4,557.54
Solar (MN),Early Season,1,Square plot,10,0,0,0,90,7,3,0,0,1,5575.4,557.54
Solar (MN),Early Season,1,Square plot,10,0,22,0,60,20,20,0,0,1,5575.4,557.54
Solar (MN),Early Season,1,Square plot,10,0,2,0,45,20,35,0,0,1,5575.4,557.54
Solar (MN),Early Season,1,Square plot,10,0,0,0,70,20,10,0,0,1,5575.4,557.54
Solar (MN),Early Season,1,CCAA,6,6,10,0,60,40,0,0,0,139.4,5575.4,557.54
Solar (MN),Early Season,1,Machine learning,1,5,4,0,33,24,0,0,43,557.54,5575.4,557.54
Solar (MN),Early Season,1,Machine learning,2,13,1,0,41,13,1,0,45,557.54,5575.4,557.54
Solar (MN),Early Season,1,Machine learning,3,8,1,0,41,13,1,0,45,557.54,5575.4,557.54
Solar (MN),Early Season,1,Machine learning,4,4,4,0,33,24,0,0,43,557.54,5575.4,557.54
Solar (MN),Early Season,1,Machine learning,5,0,5,0,33,29,0,0,38,557.54,5575.4,557.54
Solar (MN),Early Season,1,Machine learning,6,1,1,0,44,13,1,0,42,557.54,5575.4,557.54
Solar (MN),Early Season,1,Machine learning,7,4,5,0,32,33,0,0,35,557.54,5575.4,557.54
Solar (MN),Early Season,1,Machine learning,8,1,5,0,32,29,0,0,39,557.54,5575.4,557.54
Solar (MN),Early Season,1,Machine learning,9,2,1,0,47,13,1,0,39,557.54,5575.4,557.54
Solar (MN),Early Season,1,Machine learning,10,0,1,0,43,15,1,0,41,557.54,5575.4,557.54
Transmission (MN),Early Season,1,Site al,1,81,NA,NA,NA,NA,NA,NA,NA,1562.94,15629.4,1562.94
Transmission (MN),Early Season,1,Site al,2,58,NA,NA,NA,NA,NA,NA,NA,1562.94,15629.4,1562.94
Transmission (MN),Early Season,1,Site al,3,372,NA,NA,NA,NA,NA,NA,NA,1562.94,15629.4,1562.94
Transmission (MN),Early Season,1,Site al,4,117,NA,NA,NA,NA,NA,NA,NA,1562.94,15629.4,1562.94
Transmission (MN),Early Season,1,Site al,5,8,NA,NA,NA,NA,NA,NA,NA,1562.94,15629.4,1562.94
Transmission (MN),Early Season,1,Site al,6,20,NA,NA,NA,NA,NA,NA,NA,1562.94,15629.4,1562.94
Transmission (MN),Early Season,1,Site al,7,120,NA,NA,NA,NA,NA,NA,NA,1562.94,15629.4,1562.94
Transmission (MN),Early Season,1,Site al,8,518,NA,NA,NA,NA,NA,NA,NA,1562.94,15629.4,1562.94
Transmission (MN),Early Season,1,Site al,9,188,NA,NA,NA,NA,NA,NA,NA,1562.94,15629.4,1562.94
Transmission (MN),Early Season,1,Site al,10,56,NA,NA,NA,NA,NA,NA,NA,1562.94,15629.4,1562.94
Transmission (MN),Early Season,1,Transect plot,1,0,0,10,85,0,5,0,0,4,15629.4,1562.94
Transmission (MN),Early Season,1,Transect plot,1,0,0,5,90,5,0,0,0,4,15629.4,1562.94
Transmission (MN),Early Season,1,Transect plot,2,0,0,0,95,5,0,0,0,4,15629.4,1562.94
Transmission (MN),Early Season,1,Transect plot,2,0,0,0,90,5,5,0,0,4,15629.4,1562.94
Transmission (MN),Early Season,1,Transect plot,3,0,0,1,98,1,0,0,0,4,15629.4,1562.94
Transmission (MN),Early Season,1,Transect plot,3,6,0,0,95,5,0,0,0,4,15629.4,1562.94
Transmission (MN),Early Season,1,Transect plot,4,0,0,3,50,43,4,0,0,4,15629.4,1562.94
Transmission (MN),Early Season,1,Transect plot,4,0,0,0,90,10,0,0,0,4,15629.4,1562.94
Transmission (MN),Early Season,1,Transect plot,5,0,0,35,55,5,5,0,0,4,15629.4,1562.94
Transmission (MN),Early Season,1,Transect plot,5,0,0,12,80,3,5,0,0,4,15629.4,1562.94
Transmission (MN),Early Season,1,Transect plot,6,0,5,45,40,15,0,0,0,4,15629.4,1562.94
Transmission (MN),Early Season,1,Transect plot,6,0,0,2,78,20,0,0,0,4,15629.4,1562.94
Transmission (MN),Early Season,1,Transect plot,7,0,0,0,99,1,0,0,0,4,15629.4,1562.94
Transmission (MN),Early Season,1,Transect plot,7,1,0,5,73,12,10,0,0,4,15629.4,1562.94
Transmission (MN),Early Season,1,Transect plot,8,0,0,0,85,10,5,0,0,4,15629.4,1562.94
Transmission (MN),Early Season,1,Transect plot,8,2,0,0,60,40,0,0,0,4,15629.4,1562.94
Transmission (MN),Early Season,1,Transect plot,9,0,5,1,44,50,5,0,0,4,15629.4,1562.94
Transmission (MN),Early Season,1,Transect plot,9,0,0,0,100,0,0,0,0,4,15629.4,1562.94
Transmission (MN),Early Season,1,Transect plot,10,1,1,7,88,5,0,0,0,4,15629.4,1562.94
Transmission (MN),Early Season,1,Transect plot,10,1,10,20,75,5,0,0,0,4,15629.4,1562.94
Transmission (MN),Early Season,1,Square plot,1,0,0,42,58,0,0,0,0,1,15629.4,1562.94
Transmission (MN),Early Season,1,Square plot,1,0,0,4,96,0,0,0,0,1,15629.4,1562.94
Transmission (MN),Early Season,1,Square plot,1,0,0,10,85,0,5,0,0,1,15629.4,1562.94
Transmission (MN),Early Season,1,Square plot,1,0,0,0,90,5,5,0,0,1,15629.4,1562.94
Transmission (MN),Early Season,1,Square plot,1,0,0,10,75,5,10,0,0,1,15629.4,1562.94
Transmission (MN),Early Season,1,Square plot,1,2,0,0,80,15,5,0,0,1,15629.4,1562.94
Transmission (MN),Early Season,1,Square plot,1,0,0,0,90,0,10,0,0,1,15629.4,1562.94
Transmission (MN),Early Season,1,Square plot,1,0,0,10,85,0,5,0,0,1,15629.4,1562.94
Transmission (MN),Early Season,1,Square plot,1,0,0,0,90,0,10,0,0,1,15629.4,1562.94
Transmission (MN),Early Season,1,Square plot,1,0,0,0,75,20,5,0,0,1,15629.4,1562.94
Transmission (MN),Early Season,1,Square plot,2,0,0,0,80,15,5,0,0,1,15629.4,1562.94
Transmission (MN),Early Season,1,Square plot,2,0,0,0,90,5,5,0,0,1,15629.4,1562.94
Transmission (MN),Early Season,1,Square plot,2,0,0,0,78,22,0,0,0,1,15629.4,1562.94
Transmission (MN),Early Season,1,Square plot,2,0,0,0,88,7,5,0,0,1,15629.4,1562.94
Transmission (MN),Early Season,1,Square plot,2,0,0,0,15,80,5,0,0,1,15629.4,1562.94
Transmission (MN),Early Season,1,Square plot,2,0,0,20,60,15,5,0,0,1,15629.4,1562.94
Transmission (MN),Early Season,1,Square plot,2,0,0,0,55,35,10,0,0,1,15629.4,1562.94
Transmission (MN),Early Season,1,Square plot,2,1,0,0,80,10,10,0,0,1,15629.4,1562.94
Transmission (MN),Early Season,1,Square plot,2,0,0,0,10,80,10,0,0,1,15629.4,1562.94
Transmission (MN),Early Season,1,Square plot,2,0,0,100,0,0,0,0,0,1,15629.4,1562.94
Transmission (MN),Early Season,1,Square plot,3,0,0,20,80,0,0,0,0,1,15629.4,1562.94
Transmission (MN),Early Season,1,Square plot,3,0,0,20,80,0,0,0,0,1,15629.4,1562.94
Transmission (MN),Early Season,1,Square plot,3,0,0,0,85,15,0,0,0,1,15629.4,1562.94
Transmission (MN),Early Season,1,Square plot,3,1,0,0,90,5,5,0,0,1,15629.4,1562.94
Transmission (MN),Early Season,1,Square plot,3,0,0,0,85,15,0,0,0,1,15629.4,1562.94
Transmission (MN),Early Season,1,Square plot,3,3,0,0,83,17,0,0,0,1,15629.4,1562.94
Transmission (MN),Early Season,1,Square plot,3,0,0,0,95,0,5,0,0,1,15629.4,1562.94
Transmission (MN),Early Season,1,Square plot,3,0,0,0,80,15,5,0,0,1,15629.4,1562.94
Transmission (MN),Early Season,1,Square plot,3,0,0,0,60,30,10,0,0,1,15629.4,1562.94
Transmission (MN),Early Season,1,Square plot,3,0,0,0,60,30,10,0,0,1,15629.4,1562.94
Transmission (MN),Early Season,1,Square plot,4,0,0,0,60,35,5,0,0,1,15629.4,1562.94
Transmission (MN),Early Season,1,Square plot,4,0,0,0,75,25,0,0,0,1,15629.4,1562.94
Transmission (MN),Early Season,1,Square plot,4,0,0,0,30,65,5,0,0,1,15629.4,1562.94
Transmission (MN),Early Season,1,Square plot,4,0,0,0,60,40,0,0,0,1,15629.4,1562.94
Transmission (MN),Early Season,1,Square plot,4,0,0,85,15,0,0,0,0,1,15629.4,1562.94
Transmission (MN),Early Season,1,Square plot,4,0,0,0,70,25,5,0,0,1,15629.4,1562.94
Transmission (MN),Early Season,1,Square plot,4,0,0,0,85,15,0,0,0,1,15629.4,1562.94
Transmission (MN),Early Season,1,Square plot,4,0,0,30,65,0,5,0,0,1,15629.4,1562.94
Transmission (MN),Early Season,1,Square plot,4,0,0,0,82,10,8,0,0,1,15629.4,1562.94
Transmission (MN),Early Season,1,Square plot,4,0,0,0,70,25,5,0,0,1,15629.4,1562.94
Transmission (MN),Early Season,1,Square plot,5,0,0,0,90,0,10,0,0,1,15629.4,1562.94
Transmission (MN),Early Season,1,Square plot,5,0,0,55,40,0,5,0,0,1,15629.4,1562.94
Transmission (MN),Early Season,1,Square plot,5,0,0,55,25,20,0,0,0,1,15629.4,1562.94
Transmission (MN),Early Season,1,Square plot,5,0,0,25,50,15,10,0,0,1,15629.4,1562.94
Transmission (MN),Early Season,1,Square plot,5,0,0,0,65,10,10,15,0,1,15629.4,1562.94
Transmission (MN),Early Season,1,Square plot,5,0,1,40,40,0,20,0,0,1,15629.4,1562.94
Transmission (MN),Early Season,1,Square plot,5,0,0,30,37,13,20,0,0,1,15629.4,1562.94
Transmission (MN),Early Season,1,Square plot,5,0,0,0,45,50,5,0,0,1,15629.4,1562.94
Transmission (MN),Early Season,1,Square plot,5,0,0,30,55,5,10,0,0,1,15629.4,1562.94
Transmission (MN),Early Season,1,Square plot,5,0,0,60,35,0,5,0,0,1,15629.4,1562.94
Transmission (MN),Early Season,1,Square plot,6,0,0,25,65,5,5,0,0,1,15629.4,1562.94
Transmission (MN),Early Season,1,Square plot,6,0,0,20,45,25,10,0,0,1,15629.4,1562.94
Transmission (MN),Early Season,1,Square plot,6,0,0,15,45,40,0,0,0,1,15629.4,1562.94
Transmission (MN),Early Season,1,Square plot,6,0,0,55,40,0,5,0,0,1,15629.4,1562.94
Transmission (MN),Early Season,1,Square plot,6,0,0,30,60,5,5,0,0,1,15629.4,1562.94
Transmission (MN),Early Season,1,Square plot,6,0,0,70,25,5,0,0,0,1,15629.4,1562.94
Transmission (MN),Early Season,1,Square plot,6,0,0,10,7,83,0,0,0,1,15629.4,1562.94
Transmission (MN),Early Season,1,Square plot,6,0,3,0,80,15,5,0,0,1,15629.4,1562.94
Transmission (MN),Early Season,1,Square plot,6,1,0,15,45,30,10,0,0,1,15629.4,1562.94
Transmission (MN),Early Season,1,Square plot,6,0,0,35,55,0,10,0,0,1,15629.4,1562.94
Transmission (MN),Early Season,1,Square plot,7,0,0,20,65,0,15,0,0,1,15629.4,1562.94
Transmission (MN),Early Season,1,Square plot,7,0,0,20,70,5,5,0,0,1,15629.4,1562.94
Transmission (MN),Early Season,1,Square plot,7,0,0,5,65,20,10,0,0,1,15629.4,1562.94
Transmission (MN),Early Season,1,Square plot,7,0,0,0,60,20,20,0,0,1,15629.4,1562.94
Transmission (MN),Early Season,1,Square plot,7,0,0,0,45,35,20,0,0,1,15629.4,1562.94
Transmission (MN),Early Season,1,Square plot,7,0,0,15,65,5,15,0,0,1,15629.4,1562.94
Transmission (MN),Early Season,1,Square plot,7,0,0,0,85,0,15,0,0,1,15629.4,1562.94
Transmission (MN),Early Season,1,Square plot,7,0,0,65,20,0,15,0,0,1,15629.4,1562.94
Transmission (MN),Early Season,1,Square plot,7,0,0,0,85,15,0,0,0,1,15629.4,1562.94
Transmission (MN),Early Season,1,Square plot,7,0,0,0,60,35,5,0,0,1,15629.4,1562.94
Transmission (MN),Early Season,1,Square plot,8,1,0,0,60,30,10,0,0,1,15629.4,1562.94
Transmission (MN),Early Season,1,Square plot,8,0,0,0,60,30,10,0,0,1,15629.4,1562.94
Transmission (MN),Early Season,1,Square plot,8,0,0,0,52,48,0,0,0,1,15629.4,1562.94
Transmission (MN),Early Season,1,Square plot,8,1,0,0,65,25,10,0,0,1,15629.4,1562.94
Transmission (MN),Early Season,1,Square plot,8,1,0,7,55,33,5,0,0,1,15629.4,1562.94
Transmission (MN),Early Season,1,Square plot,8,1,0,0,70,20,10,0,0,1,15629.4,1562.94
Transmission (MN),Early Season,1,Square plot,8,0,12,0,25,70,5,0,0,1,15629.4,1562.94
Transmission (MN),Early Season,1,Square plot,8,0,0,20,30,45,5,0,0,1,15629.4,1562.94
Transmission (MN),Early Season,1,Square plot,8,1,0,10,45,35,10,0,0,1,15629.4,1562.94
Transmission (MN),Early Season,1,Square plot,8,2,0,0,35,60,5,0,0,1,15629.4,1562.94
Transmission (MN),Early Season,1,Square plot,9,0,0,0,70,20,10,0,0,1,15629.4,1562.94
Transmission (MN),Early Season,1,Square plot,9,0,0,55,40,0,5,0,0,1,15629.4,1562.94
Transmission (MN),Early Season,1,Square plot,9,2,0,25,35,30,10,0,0,1,15629.4,1562.94
Transmission (MN),Early Season,1,Square plot,9,0,0,0,25,65,10,0,0,1,15629.4,1562.94
Transmission (MN),Early Season,1,Square plot,9,0,0,0,30,55,15,0,0,1,15629.4,1562.94
Transmission (MN),Early Season,1,Square plot,9,0,0,1,9,90,0,0,0,1,15629.4,1562.94
Transmission (MN),Early Season,1,Square plot,9,0,0,0,94,6,0,0,0,1,15629.4,1562.94
Transmission (MN),Early Season,1,Square plot,9,0,0,0,100,0,0,0,0,1,15629.4,1562.94
Transmission (MN),Early Season,1,Square plot,9,0,0,0,100,0,0,0,0,1,15629.4,1562.94
Transmission (MN),Early Season,1,Square plot,9,0,0,0,100,0,0,0,0,1,15629.4,1562.94
Transmission (MN),Early Season,1,Square plot,10,0,0,10,85,5,0,0,0,1,15629.4,1562.94
Transmission (MN),Early Season,1,Square plot,10,0,0,0,96,4,0,0,0,1,15629.4,1562.94
Transmission (MN),Early Season,1,Square plot,10,0,0,2,97,1,0,0,0,1,15629.4,1562.94
Transmission (MN),Early Season,1,Square plot,10,0,0,0,96,4,0,0,0,1,15629.4,1562.94
Transmission (MN),Early Season,1,Square plot,10,0,0,1,70,4,25,0,0,1,15629.4,1562.94
Transmission (MN),Early Season,1,Square plot,10,0,0,25,60,15,0,0,0,1,15629.4,1562.94
Transmission (MN),Early Season,1,Square plot,10,0,0,1,97,2,0,0,0,1,15629.4,1562.94
Transmission (MN),Early Season,1,Square plot,10,0,0,0,96,4,0,0,0,1,15629.4,1562.94
Transmission (MN),Early Season,1,Square plot,10,0,0,10,70,20,0,0,0,1,15629.4,1562.94
Transmission (MN),Early Season,1,Square plot,10,0,0,70,25,5,0,0,0,1,15629.4,1562.94
Transmission (MN),Early Season,1,CCAA,6,4,0.5,10,65,23,2,0,0,139.4,15629.4,1562.94
Transmission (MN),Early Season,1,Machine learning,1,60,0,2,88,7,1,0,2,1562.94,15629.4,1562.94
Transmission (MN),Early Season,1,Machine learning,2,26,0,6,86,5,1,0,2,1562.94,15629.4,1562.94
Transmission (MN),Early Season,1,Machine learning,3,142,0,12,79,7,0,0,2,1562.94,15629.4,1562.94
Transmission (MN),Early Season,1,Machine learning,4,50,0,10,73,13,3,0,1,1562.94,15629.4,1562.94
Transmission (MN),Early Season,1,Machine learning,5,5,0,20,66,8,4,0,2,1562.94,15629.4,1562.94
Transmission (MN),Early Season,1,Machine learning,6,12,0,21,61,9,7,0,2,1562.94,15629.4,1562.94
Transmission (MN),Early Season,1,Machine learning,7,45,0,12,66,12,9,0,1,1562.94,15629.4,1562.94
Transmission (MN),Early Season,1,Machine learning,8,220,0,4,64,27,3,0,2,1562.94,15629.4,1562.94
Transmission (MN),Early Season,1,Machine learning,9,111,0,2,69,23,5,0,1,1562.94,15629.4,1562.94
Transmission (MN),Early Season,1,Machine learning,10,33,0,15,54,28,2,0,1,1562.94,15629.4,1562.94
Gas (OH),Late season,2,Site al,1,1,NA,NA,NA,NA,NA,NA,NA,278.77,2787.7,278.77
Gas (OH),Late season,2,Site al,2,0,NA,NA,NA,NA,NA,NA,NA,278.77,2787.7,278.77
Gas (OH),Late season,2,Site al,3,1,NA,NA,NA,NA,NA,NA,NA,278.77,2787.7,278.77
Gas (OH),Late season,2,Site al,4,0,NA,NA,NA,NA,NA,NA,NA,278.77,2787.7,278.77
Gas (OH),Late season,2,Site al,5,0,NA,NA,NA,NA,NA,NA,NA,278.77,2787.7,278.77
Gas (OH),Late season,2,Site al,6,0,NA,NA,NA,NA,NA,NA,NA,278.77,2787.7,278.77
Gas (OH),Late season,2,Site al,7,0,NA,NA,NA,NA,NA,NA,NA,278.77,2787.7,278.77
Gas (OH),Late season,2,Site al,8,0,NA,NA,NA,NA,NA,NA,NA,278.77,2787.7,278.77
Gas (OH),Late season,2,Site al,9,0,NA,NA,NA,NA,NA,NA,NA,278.77,2787.7,278.77
Gas (OH),Late season,2,Site al,10,0,NA,NA,NA,NA,NA,NA,NA,278.77,2787.7,278.77
Gas (OH),Late season,2,Transect plot,1,0,0,0,35,17,48,0,0,4,2787.7,278.77
Gas (OH),Late season,2,Transect plot,2,0,0,0,50,25,25,0,0,4,2787.7,278.77
Gas (OH),Late season,2,Transect plot,3,0,0,0,50,20,30,0,0,4,2787.7,278.77
Gas (OH),Late season,2,Transect plot,4,0,0,0,25,7,68,0,0,4,2787.7,278.77
Gas (OH),Late season,2,Transect plot,5,0,0,0,45,25,30,0,0,4,2787.7,278.77
Gas (OH),Late season,2,Transect plot,6,0,0,0,0,15,85,0,0,4,2787.7,278.77
Gas (OH),Late season,2,Transect plot,7,0,0,10,50,15,25,0,0,4,2787.7,278.77
Gas (OH),Late season,2,Transect plot,8,0,0,15,0,5,80,0,0,4,2787.7,278.77
Gas (OH),Late season,2,Transect plot,9,0,0,0,0,45,55,0,0,4,2787.7,278.77
Gas (OH),Late season,2,Transect plot,10,0,0,0,15,5,80,0,0,4,2787.7,278.77
Gas (OH),Late season,2,Square plot,1,0,0,3,52,25,20,0,0,1,2787.7,278.77
Gas (OH),Late season,2,Square plot,1,0,1,0,55,20,25,0,0,1,2787.7,278.77
Gas (OH),Late season,2,Square plot,1,1,0,5,75,15,5,0,0,1,2787.7,278.77
Gas (OH),Late season,2,Square plot,1,0,0,0,60,10,30,0,0,1,2787.7,278.77
Gas (OH),Late season,2,Square plot,1,0,0,1,74,20,5,0,0,1,2787.7,278.77
Gas (OH),Late season,2,Square plot,2,0,0,1,70,4,25,0,0,1,2787.7,278.77
Gas (OH),Late season,2,Square plot,2,0,3,0,85,15,0,0,0,1,2787.7,278.77
Gas (OH),Late season,2,Square plot,2,0,10,0,0,100,0,0,0,1,2787.7,278.77
Gas (OH),Late season,2,Square plot,2,0,0,0,20,75,5,0,0,1,2787.7,278.77
Gas (OH),Late season,2,Square plot,2,0,0,0,40,55,5,0,0,1,2787.7,278.77
Gas (OH),Late season,2,Square plot,3,0,0,2,23,75,0,0,0,1,2787.7,278.77
Gas (OH),Late season,2,Square plot,3,0,0,0,50,40,10,0,0,1,2787.7,278.77
Gas (OH),Late season,2,Square plot,3,0,0,0,80,20,0,0,0,1,2787.7,278.77
Gas (OH),Late season,2,Square plot,3,0,0,0,45,35,20,0,0,1,2787.7,278.77
Gas (OH),Late season,2,Square plot,3,0,0,0,60,10,30,0,0,1,2787.7,278.77
Gas (OH),Late season,2,Square plot,4,0,0,2,78,10,10,0,0,1,2787.7,278.77
Gas (OH),Late season,2,Square plot,4,0,0,0,75,20,5,0,0,1,2787.7,278.77
Gas (OH),Late season,2,Square plot,4,0,0,2,3,75,20,0,0,1,2787.7,278.77
Gas (OH),Late season,2,Square plot,4,0,0,0,30,10,60,0,0,1,2787.7,278.77
Gas (OH),Late season,2,Square plot,4,0,0,0,95,5,0,0,0,1,2787.7,278.77
Gas (OH),Late season,2,Square plot,5,0,0,0,70,25,5,0,0,1,2787.7,278.77
Gas (OH),Late season,2,Square plot,5,0,2,1,84,10,5,0,0,1,2787.7,278.77
Gas (OH),Late season,2,Square plot,5,0,2,0,10,70,20,0,0,1,2787.7,278.77
Gas (OH),Late season,2,Square plot,5,0,0,0,0,0,100,0,0,1,2787.7,278.77
Gas (OH),Late season,2,Square plot,5,0,0,0,0,0,100,0,0,1,2787.7,278.77
Gas (OH),Late season,2,Square plot,6,0,0,0,50,20,30,0,0,1,2787.7,278.77
Gas (OH),Late season,2,Square plot,6,0,0,0,0,0,100,0,0,1,2787.7,278.77
Gas (OH),Late season,2,Square plot,6,0,0,0,0,13,87,0,0,1,2787.7,278.77
Gas (OH),Late season,2,Square plot,6,0,0,0,30,65,5,0,0,1,2787.7,278.77
Gas (OH),Late season,2,Square plot,6,0,0,0,68,32,0,0,0,1,2787.7,278.77
Gas (OH),Late season,2,Square plot,7,0,2,0,70,30,0,0,0,1,2787.7,278.77
Gas (OH),Late season,2,Square plot,7,0,0,0,55,40,5,0,0,1,2787.7,278.77
Gas (OH),Late season,2,Square plot,7,0,0,2,75,18,5,0,0,1,2787.7,278.77
Gas (OH),Late season,2,Square plot,7,0,0,0,65,30,5,0,0,1,2787.7,278.77
Gas (OH),Late season,2,Square plot,7,0,0,15,40,30,15,0,0,1,2787.7,278.77
Gas (OH),Late season,2,Square plot,8,0,0,30,15,30,25,0,0,1,2787.7,278.77
Gas (OH),Late season,2,Square plot,8,0,0,30,0,0,70,0,0,1,2787.7,278.77
Gas (OH),Late season,2,Square plot,8,0,0,60,10,10,20,0,0,1,2787.7,278.77
Gas (OH),Late season,2,Square plot,8,0,0,25,45,10,20,0,0,1,2787.7,278.77
Gas (OH),Late season,2,Square plot,8,0,0,60,0,15,25,0,0,1,2787.7,278.77
Gas (OH),Late season,2,Square plot,9,0,0,0,95,5,0,0,0,1,2787.7,278.77
Gas (OH),Late season,2,Square plot,9,0,0,2,68,20,10,0,0,1,2787.7,278.77
Gas (OH),Late season,2,Square plot,9,0,0,2,28,5,65,0,0,1,2787.7,278.77
Gas (OH),Late season,2,Square plot,9,0,0,0,50,10,40,0,0,1,2787.7,278.77
Gas (OH),Late season,2,Square plot,9,0,0,20,40,0,40,0,0,1,2787.7,278.77
Gas (OH),Late season,2,Square plot,10,0,0,0,30,10,60,0,0,1,2787.7,278.77
Gas (OH),Late season,2,Square plot,10,0,0,75,10,10,5,0,0,1,2787.7,278.77
Gas (OH),Late season,2,Square plot,10,0,0,5,60,30,5,0,0,1,2787.7,278.77
Gas (OH),Late season,2,Square plot,10,0,0,25,35,20,20,0,0,1,2787.7,278.77
Gas (OH),Late season,2,Square plot,10,0,0,5,55,40,0,0,0,1,2787.7,278.77
Gas (OH),Late season,2,CCAA,6,0,0,0,25,15,60,0,0,139.4,2787.7,278.77
Gas (OH),Late season,2,Machine learning,1,NA,NA,NA,NA,NA,NA,NA,NA,NA,NA,NA
Gas (OH),Late season,2,Machine learning,2,NA,NA,NA,NA,NA,NA,NA,NA,NA,NA,NA
Gas (OH),Late season,2,Machine learning,3,0,0,66,22,2,10,0,0,278.77,2787.7,278.77
Gas (OH),Late season,2,Machine learning,4,0,0,72,15,1,12,0,0,278.77,2787.7,278.77
Gas (OH),Late season,2,Machine learning,5,0,0,63,18,1,18,0,0,278.77,2787.7,278.77
Gas (OH),Late season,2,Machine learning,6,0,0,63,15,1,21,0,0,278.77,2787.7,278.77
Gas (OH),Late season,2,Machine learning,7,0,0,62,17,2,19,0,0,278.77,2787.7,278.77
Gas (OH),Late season,2,Machine learning,8,0,0,74,13,1,12,0,0,278.77,2787.7,278.77
Gas (OH),Late season,2,Machine learning,9,0,0,73,12,1,14,0,0,278.77,2787.7,278.77
Gas (OH),Late season,2,Machine learning,10,0,0,60,18,5,17,0,0,278.77,2787.7,278.77
Distribution (OH),Late season,2,Site al,1,7,NA,NA,NA,NA,NA,NA,NA,1392.936,13929.36,1392.936
Distribution (OH),Late season,2,Site al,2,71,NA,NA,NA,NA,NA,NA,NA,1392.936,13929.36,1392.936
Distribution (OH),Late season,2,Site al,3,17,NA,NA,NA,NA,NA,NA,NA,1392.936,13929.36,1392.936
Distribution (OH),Late season,2,Site al,4,11,NA,NA,NA,NA,NA,NA,NA,1392.936,13929.36,1392.936
Distribution (OH),Late season,2,Site al,5,0,NA,NA,NA,NA,NA,NA,NA,1392.936,13929.36,1392.936
Distribution (OH),Late season,2,Site al,6,0,NA,NA,NA,NA,NA,NA,NA,1392.936,13929.36,1392.936
Distribution (OH),Late season,2,Site al,7,0,NA,NA,NA,NA,NA,NA,NA,1392.936,13929.36,1392.936
Distribution (OH),Late season,2,Site al,8,16,NA,NA,NA,NA,NA,NA,NA,1392.936,13929.36,1392.936
Distribution (OH),Late season,2,Site al,9,1,NA,NA,NA,NA,NA,NA,NA,1392.936,13929.36,1392.936
Distribution (OH),Late season,2,Site al,10,44,NA,NA,NA,NA,NA,NA,NA,1392.936,13929.36,1392.936
Distribution (OH),Late season,2,Transect plot,1,0,7,4,81,15,0,0,0,4,13929.36,1392.936
Distribution (OH),Late season,2,Transect plot,1,0,6,3,90,7,0,0,0,4,13929.36,1392.936
Distribution (OH),Late season,2,Transect plot,2,0,3,1,94,5,0,0,0,4,13929.36,1392.936
Distribution (OH),Late season,2,Transect plot,2,0,5,0,90,5,5,0,0,4,13929.36,1392.936
Distribution (OH),Late season,2,Transect plot,3,0,18,0,69,31,0,0,0,4,13929.36,1392.936
Distribution (OH),Late season,2,Transect plot,3,0,3,3,92,5,0,0,0,4,13929.36,1392.936
Distribution (OH),Late season,2,Transect plot,4,0,0,0,90,3,7,0,0,4,13929.36,1392.936
Distribution (OH),Late season,2,Transect plot,4,0,0,0,95,5,0,0,0,4,13929.36,1392.936
Distribution (OH),Late season,2,Transect plot,5,0,7,0,80,20,0,0,0,4,13929.36,1392.936
Distribution (OH),Late season,2,Transect plot,5,0,16,1,41,58,0,0,0,4,13929.36,1392.936
Distribution (OH),Late season,2,Transect plot,6,0,2,0,55,40,5,0,0,4,13929.36,1392.936
Distribution (OH),Late season,2,Transect plot,6,0,5,0,65,35,0,0,0,4,13929.36,1392.936
Distribution (OH),Late season,2,Transect plot,7,0,20,10,20,70,0,0,0,4,13929.36,1392.936
Distribution (OH),Late season,2,Transect plot,7,0,1,0,35,60,5,0,0,4,13929.36,1392.936
Distribution (OH),Late season,2,Transect plot,8,0,5,0,50,45,5,0,0,4,13929.36,1392.936
Distribution (OH),Late season,2,Transect plot,8,0,0,5,50,45,0,0,0,4,13929.36,1392.936
Distribution (OH),Late season,2,Transect plot,9,1,0,5,90,5,0,0,0,4,13929.36,1392.936
Distribution (OH),Late season,2,Transect plot,9,0,3,5,75,15,5,0,0,4,13929.36,1392.936
Distribution (OH),Late season,2,Transect plot,10,0,2,0,35,60,5,0,0,4,13929.36,1392.936
Distribution (OH),Late season,2,Transect plot,10,0,5,10,55,30,5,0,0,4,13929.36,1392.936
Distribution (OH),Late season,2,Square plot,1,0,3,0,66,30,4,0,0,1,13929.36,1392.936
Distribution (OH),Late season,2,Square plot,1,0,0,0,68,2,30,0,0,1,13929.36,1392.936
Distribution (OH),Late season,2,Square plot,1,0,2,0,75,12,13,0,0,1,13929.36,1392.936
Distribution (OH),Late season,2,Square plot,1,0,1,0,55,43,2,0,0,1,13929.36,1392.936
Distribution (OH),Late season,2,Square plot,1,0,0,0,90,9,1,0,0,1,13929.36,1392.936
Distribution (OH),Late season,2,Square plot,1,0,6,0,71,28,1,0,0,1,13929.36,1392.936
Distribution (OH),Late season,2,Square plot,1,0,0,8,90,0,2,0,0,1,13929.36,1392.936
Distribution (OH),Late season,2,Square plot,1,0,0,0,97,3,0,0,0,1,13929.36,1392.936
Distribution (OH),Late season,2,Square plot,1,0,0,0,99,1,0,0,0,1,13929.36,1392.936
Distribution (OH),Late season,2,Square plot,1,0,0,0,100,0,0,0,0,1,13929.36,1392.936
Distribution (OH),Late season,2,Square plot,2,0,2,0,6,94,0,0,0,1,13929.36,1392.936
Distribution (OH),Late season,2,Square plot,2,0,0,0,96,4,0,0,0,1,13929.36,1392.936
Distribution (OH),Late season,2,Square plot,2,0,0,0,60,38,2,0,0,1,13929.36,1392.936
Distribution (OH),Late season,2,Square plot,2,0,0,0,82,16,2,0,0,1,13929.36,1392.936
Distribution (OH),Late season,2,Square plot,2,0,0,0,95,4,1,0,0,1,13929.36,1392.936
Distribution (OH),Late season,2,Square plot,2,0,2,0,81,18,1,0,0,1,13929.36,1392.936
Distribution (OH),Late season,2,Square plot,2,0,1,0,68,29,3,0,0,1,13929.36,1392.936
Distribution (OH),Late season,2,Square plot,2,0,2,0,87,7,6,0,0,1,13929.36,1392.936
Distribution (OH),Late season,2,Square plot,2,0,2,6,81,11,2,0,0,1,13929.36,1392.936
Distribution (OH),Late season,2,Square plot,2,0,0,0,14,56,30,0,0,1,13929.36,1392.936
Distribution (OH),Late season,2,Square plot,3,0,0,0,90,9,1,0,0,1,13929.36,1392.936
Distribution (OH),Late season,2,Square plot,3,0,2,2,80,17,1,0,0,1,13929.36,1392.936
Distribution (OH),Late season,2,Square plot,3,0,0,25,17,58,0,0,0,1,13929.36,1392.936
Distribution (OH),Late season,2,Square plot,3,0,1,0,45,52,3,0,0,1,13929.36,1392.936
Distribution (OH),Late season,2,Square plot,3,0,0,3,39,54,4,0,0,1,13929.36,1392.936
Distribution (OH),Late season,2,Square plot,3,0,1,2,86,12,0,0,0,1,13929.36,1392.936
Distribution (OH),Late season,2,Square plot,3,0,2,3,57,40,0,0,0,1,13929.36,1392.936
Distribution (OH),Late season,2,Square plot,3,0,1,0,22,70,8,0,0,1,13929.36,1392.936
Distribution (OH),Late season,2,Square plot,3,0,0,0,70,25,5,0,0,1,13929.36,1392.936
Distribution (OH),Late season,2,Square plot,3,0,0,0,68,25,7,0,0,1,13929.36,1392.936
Distribution (OH),Late season,2,Square plot,4,0,0,0,89,8,3,0,0,1,13929.36,1392.936
Distribution (OH),Late season,2,Square plot,4,0,0,0,99,1,0,0,0,1,13929.36,1392.936
Distribution (OH),Late season,2,Square plot,4,0,0,0,84,6,10,0,0,1,13929.36,1392.936
Distribution (OH),Late season,2,Square plot,4,0,1,0,78,20,2,0,0,1,13929.36,1392.936
Distribution (OH),Late season,2,Square plot,4,0,0,3,84,6,7,0,0,1,13929.36,1392.936
Distribution (OH),Late season,2,Square plot,4,0,0,0,86,11,3,0,0,1,13929.36,1392.936
Distribution (OH),Late season,2,Square plot,4,0,0,0,83,16,1,0,0,1,13929.36,1392.936
Distribution (OH),Late season,2,Square plot,4,0,0,0,30,60,10,0,0,1,13929.36,1392.936
Distribution (OH),Late season,2,Square plot,4,0,0,6,79,13,2,0,0,1,13929.36,1392.936
Distribution (OH),Late season,2,Square plot,4,0,0,0,67,29,4,0,0,1,13929.36,1392.936
Distribution (OH),Late season,2,Square plot,5,0,0,0,85,8,7,0,0,1,13929.36,1392.936
Distribution (OH),Late season,2,Square plot,5,0,1,0,52,48,0,0,0,1,13929.36,1392.936
Distribution (OH),Late season,2,Square plot,5,0,0,0,38,57,5,0,0,1,13929.36,1392.936
Distribution (OH),Late season,2,Square plot,5,0,1,2,53,39,6,0,0,1,13929.36,1392.936
Distribution (OH),Late season,2,Square plot,5,0,0,0,82,12,6,0,0,1,13929.36,1392.936
Distribution (OH),Late season,2,Square plot,5,0,0,0,70,5,25,0,0,1,13929.36,1392.936
Distribution (OH),Late season,2,Square plot,5,0,0,0,78,14,8,0,0,1,13929.36,1392.936
Distribution (OH),Late season,2,Square plot,5,0,0,0,95,2,3,0,0,1,13929.36,1392.936
Distribution (OH),Late season,2,Square plot,5,0,0,0,100,0,0,0,0,1,13929.36,1392.936
Distribution (OH),Late season,2,Square plot,5,0,0,0,90,5,5,0,0,1,13929.36,1392.936
Distribution (OH),Late season,2,Square plot,6,0,2,0,70,30,0,0,0,1,13929.36,1392.936
Distribution (OH),Late season,2,Square plot,6,0,10,5,0,95,0,0,0,1,13929.36,1392.936
Distribution (OH),Late season,2,Square plot,6,0,0,5,2,93,0,0,0,1,13929.36,1392.936
Distribution (OH),Late season,2,Square plot,6,0,0,0,70,30,0,0,0,1,13929.36,1392.936
Distribution (OH),Late season,2,Square plot,6,0,0,0,95,5,0,0,0,1,13929.36,1392.936
Distribution (OH),Late season,2,Square plot,6,0,0,0,30,70,0,0,0,1,13929.36,1392.936
Distribution (OH),Late season,2,Square plot,6,0,0,0,85,15,0,0,0,1,13929.36,1392.936
Distribution (OH),Late season,2,Square plot,6,0,5,0,75,25,0,0,0,1,13929.36,1392.936
Distribution (OH),Late season,2,Square plot,6,0,10,5,35,60,0,0,0,1,13929.36,1392.936
Distribution (OH),Late season,2,Square plot,6,0,0,5,15,80,0,0,0,1,13929.36,1392.936
Distribution (OH),Late season,2,Square plot,7,0,0,0,70,30,0,0,0,1,13929.36,1392.936
Distribution (OH),Late season,2,Square plot,7,0,5,5,73,22,0,0,0,1,13929.36,1392.936
Distribution (OH),Late season,2,Square plot,7,0,3,0,5,95,0,0,0,1,13929.36,1392.936
Distribution (OH),Late season,2,Square plot,7,0,5,2,77,21,0,0,0,1,13929.36,1392.936
Distribution (OH),Late season,2,Square plot,7,0,0,0,75,25,0,0,0,1,13929.36,1392.936
Distribution (OH),Late season,2,Square plot,7,0,5,0,15,85,0,0,0,1,13929.36,1392.936
Distribution (OH),Late season,2,Square plot,7,0,10,0,5,95,0,0,0,1,13929.36,1392.936
Distribution (OH),Late season,2,Square plot,7,0,0,0,90,5,5,0,0,1,13929.36,1392.936
Distribution (OH),Late season,2,Square plot,7,0,0,2,93,5,0,0,0,1,13929.36,1392.936
Distribution (OH),Late season,2,Square plot,7,0,5,0,10,90,0,0,0,1,13929.36,1392.936
Distribution (OH),Late season,2,Square plot,8,0,5,5,55,40,0,0,0,1,13929.36,1392.936
Distribution (OH),Late season,2,Square plot,8,0,5,0,90,10,0,0,0,1,13929.36,1392.936
Distribution (OH),Late season,2,Square plot,8,0,0,5,65,30,0,0,0,1,13929.36,1392.936
Distribution (OH),Late season,2,Square plot,8,0,0,2,28,70,0,0,0,1,13929.36,1392.936
Distribution (OH),Late season,2,Square plot,8,0,5,0,45,55,0,0,0,1,13929.36,1392.936
Distribution (OH),Late season,2,Square plot,8,0,0,0,90,10,0,0,0,1,13929.36,1392.936
Distribution (OH),Late season,2,Square plot,8,0,0,0,60,40,0,0,0,1,13929.36,1392.936
Distribution (OH),Late season,2,Square plot,8,0,2,0,10,90,0,0,0,1,13929.36,1392.936
Distribution (OH),Late season,2,Square plot,8,0,5,5,60,35,0,0,0,1,13929.36,1392.936
Distribution (OH),Late season,2,Square plot,8,0,10,0,30,70,0,0,0,1,13929.36,1392.936
Distribution (OH),Late season,2,Square plot,9,0,2,5,70,25,0,0,0,1,13929.36,1392.936
Distribution (OH),Late season,2,Square plot,9,0,10,0,59,41,0,0,0,1,13929.36,1392.936
Distribution (OH),Late season,2,Square plot,9,0,0,0,75,25,0,0,0,1,13929.36,1392.936
Distribution (OH),Late season,2,Square plot,9,0,5,5,0,95,0,0,0,1,13929.36,1392.936
Distribution (OH),Late season,2,Square plot,9,0,0,0,20,80,0,0,0,1,13929.36,1392.936
Distribution (OH),Late season,2,Square plot,9,0,15,0,10,90,0,0,0,1,13929.36,1392.936
Distribution (OH),Late season,2,Square plot,9,0,0,0,95,5,0,0,0,1,13929.36,1392.936
Distribution (OH),Late season,2,Square plot,9,0,5,0,95,5,0,0,0,1,13929.36,1392.936
Distribution (OH),Late season,2,Square plot,9,0,0,0,95,5,0,0,0,1,13929.36,1392.936
Distribution (OH),Late season,2,Square plot,9,0,0,0,5,95,0,0,0,1,13929.36,1392.936
Distribution (OH),Late season,2,Square plot,10,0,0,0,80,20,0,0,0,1,13929.36,1392.936
Distribution (OH),Late season,2,Square plot,10,0,0,0,90,10,0,0,0,1,13929.36,1392.936
Distribution (OH),Late season,2,Square plot,10,0,5,0,95,5,0,0,0,1,13929.36,1392.936
Distribution (OH),Late season,2,Square plot,10,0,0,0,60,40,0,0,0,1,13929.36,1392.936
Distribution (OH),Late season,2,Square plot,10,0,0,5,0,95,0,0,0,1,13929.36,1392.936
Distribution (OH),Late season,2,Square plot,10,0,3,0,20,80,0,0,0,1,13929.36,1392.936
Distribution (OH),Late season,2,Square plot,10,3,5,2,83,15,0,0,0,1,13929.36,1392.936
Distribution (OH),Late season,2,Square plot,10,0,0,5,20,75,0,0,0,1,13929.36,1392.936
Distribution (OH),Late season,2,Square plot,10,0,0,0,35,65,0,0,0,1,13929.36,1392.936
Distribution (OH),Late season,2,Square plot,10,0,10,15,5,80,0,0,0,1,13929.36,1392.936
Distribution (OH),Late season,2,CCAA,6,0,29,3,52,40,5,0,0,139.4,13929.36,1392.936
Distribution (OH),Late season,2,Machine learning,1,2,0,61,21,8,10,0,0,1392.936,13929.36,1392.936
Distribution (OH),Late season,2,Machine learning,2,0,0,48,30,6,16,0,0,1392.936,13929.36,1392.936
Distribution (OH),Late season,2,Machine learning,3,0,0,43,36,4,17,0,0,1392.936,13929.36,1392.936
Distribution (OH),Late season,2,Machine learning,4,25,0,50,30,6,14,0,0,1392.936,13929.36,1392.936
Distribution (OH),Late season,2,Machine learning,5,0,0,74,16,7,3,0,0,1392.936,13929.36,1392.936
Distribution (OH),Late season,2,Machine learning,6,2,1,7,52,5,36,0,0,1392.936,13929.36,1392.936
Distribution (OH),Late season,2,Machine learning,7,13,2,9,54,7,30,0,0,1392.936,13929.36,1392.936
Distribution (OH),Late season,2,Machine learning,8,19,1,27,50,5,18,0,0,1392.936,13929.36,1392.936
Distribution (OH),Late season,2,Machine learning,9,0,0,20,53,3,24,0,0,1392.936,13929.36,1392.936
Distribution (OH),Late season,2,Machine learning,10,0,0,20,53,5,22,0,0,1392.936,13929.36,1392.936
DOT (OH),Late season,2,Site al,1,212,NA,NA,NA,NA,NA,NA,NA,1392.936,13929.36,1392.936
DOT (OH),Late season,2,Site al,2,1179,NA,NA,NA,NA,NA,NA,NA,1392.936,13929.36,1392.936
DOT (OH),Late season,2,Site al,3,138,NA,NA,NA,NA,NA,NA,NA,1392.936,13929.36,1392.936
DOT (OH),Late season,2,Site al,4,787,NA,NA,NA,NA,NA,NA,NA,1392.936,13929.36,1392.936
DOT (OH),Late season,2,Site al,5,1154,NA,NA,NA,NA,NA,NA,NA,1392.936,13929.36,1392.936
DOT (OH),Late season,2,Site al,6,13,NA,NA,NA,NA,NA,NA,NA,1392.936,13929.36,1392.936
DOT (OH),Late season,2,Site al,7,46,NA,NA,NA,NA,NA,NA,NA,1392.936,13929.36,1392.936
DOT (OH),Late season,2,Site al,8,96,NA,NA,NA,NA,NA,NA,NA,1392.936,13929.36,1392.936
DOT (OH),Late season,2,Site al,9,378,NA,NA,NA,NA,NA,NA,NA,1392.936,13929.36,1392.936
DOT (OH),Late season,2,Site al,10,15,NA,NA,NA,NA,NA,NA,NA,1392.936,13929.36,1392.936
DOT (OH),Late season,2,Transect plot,1,30,0,0,7,93,0,0,0,4,13929.36,1392.936
DOT (OH),Late season,2,Transect plot,1,5,0,0,87,12,1,0,0,4,13929.36,1392.936
DOT (OH),Late season,2,Transect plot,2,2,0,0,84,8,8,0,0,4,13929.36,1392.936
DOT (OH),Late season,2,Transect plot,2,5,2,15,32,21,2,30,0,4,13929.36,1392.936
DOT (OH),Late season,2,Transect plot,3,0,0,0,82,15,3,0,0,4,13929.36,1392.936
DOT (OH),Late season,2,Transect plot,3,1,0,2,83,15,0,0,0,4,13929.36,1392.936
DOT (OH),Late season,2,Transect plot,4,2,4,0,89,10,1,0,0,4,13929.36,1392.936
DOT (OH),Late season,2,Transect plot,4,10,0,0,60,40,0,0,0,4,13929.36,1392.936
DOT (OH),Late season,2,Transect plot,5,0,0,0,28,67,5,0,0,4,13929.36,1392.936
DOT (OH),Late season,2,Transect plot,5,17,12,0,30,70,0,0,0,4,13929.36,1392.936
DOT (OH),Late season,2,Transect plot,6,0,1,0,80,20,0,0,0,4,13929.36,1392.936
DOT (OH),Late season,2,Transect plot,6,0,3,0,70,30,0,0,0,4,13929.36,1392.936
DOT (OH),Late season,2,Transect plot,7,0,3,14,80,5,1,0,0,4,13929.36,1392.936
DOT (OH),Late season,2,Transect plot,7,0,0,0,16,84,0,0,0,4,13929.36,1392.936
DOT (OH),Late season,2,Transect plot,8,0,0,0,2,96,2,0,0,4,13929.36,1392.936
DOT (OH),Late season,2,Transect plot,8,0,0,0,30,70,0,0,0,4,13929.36,1392.936
DOT (OH),Late season,2,Transect plot,9,0,0,2,89,8,1,0,0,4,13929.36,1392.936
DOT (OH),Late season,2,Transect plot,9,0,0,8,55,37,0,0,0,4,13929.36,1392.936
DOT (OH),Late season,2,Transect plot,10,0,0,1,95,3,1,0,0,4,13929.36,1392.936
DOT (OH),Late season,2,Transect plot,10,0,5,0,70,30,0,0,0,4,13929.36,1392.936
DOT (OH),Late season,2,Square plot,1,0,0,0,91,2,7,0,0,1,13929.36,1392.936
DOT (OH),Late season,2,Square plot,1,0,0,0,69,11,20,0,0,1,13929.36,1392.936
DOT (OH),Late season,2,Square plot,1,3,0,0,83,4,13,0,0,1,13929.36,1392.936
DOT (OH),Late season,2,Square plot,1,0,0,0,60,0,40,0,0,1,13929.36,1392.936
DOT (OH),Late season,2,Square plot,1,1,0,0,87,10,3,0,0,1,13929.36,1392.936
DOT (OH),Late season,2,Square plot,1,1,0,0,96,3,1,0,0,1,13929.36,1392.936
DOT (OH),Late season,2,Square plot,1,0,0,0,47,51,2,0,0,1,13929.36,1392.936
DOT (OH),Late season,2,Square plot,1,0,0,0,90,6,4,0,0,1,13929.36,1392.936
DOT (OH),Late season,2,Square plot,1,0,0,0,30,30,40,0,0,1,13929.36,1392.936
DOT (OH),Late season,2,Square plot,1,0,0,0,4,96,0,0,0,1,13929.36,1392.936
DOT (OH),Late season,2,Square plot,2,NA,NA,NA,NA,NA,NA,NA,NA,NA,13929.36,1392.936
DOT (OH),Late season,2,Square plot,2,0,0,0,70,28,2,0,0,1,13929.36,1392.936
DOT (OH),Late season,2,Square plot,2,0,0,0,31,57,12,0,0,1,13929.36,1392.936
DOT (OH),Late season,2,Square plot,2,0,0,0,51,41,8,0,0,1,13929.36,1392.936
DOT (OH),Late season,2,Square plot,2,0,0,0,49,48,3,0,0,1,13929.36,1392.936
DOT (OH),Late season,2,Square plot,2,0,0,0,51,19,30,0,0,1,13929.36,1392.936
DOT (OH),Late season,2,Square plot,2,0,0,0,72,20,8,0,0,1,13929.36,1392.936
DOT (OH),Late season,2,Square plot,2,0,0,0,76,8,16,0,0,1,13929.36,1392.936
DOT (OH),Late season,2,Square plot,2,0,0,0,90,3,7,0,0,1,13929.36,1392.936
DOT (OH),Late season,2,Square plot,2,0,0,0,82,5,13,0,0,1,13929.36,1392.936
DOT (OH),Late season,2,Square plot,3,0,0,0,95,2,3,0,0,1,13929.36,1392.936
DOT (OH),Late season,2,Square plot,3,0,0,0,88,10,2,0,0,1,13929.36,1392.936
DOT (OH),Late season,2,Square plot,3,0,0,0,54,38,8,0,0,1,13929.36,1392.936
DOT (OH),Late season,2,Square plot,3,6,0,0,38,61,1,0,0,1,13929.36,1392.936
DOT (OH),Late season,2,Square plot,3,0,0,0,62,32,6,0,0,1,13929.36,1392.936
DOT (OH),Late season,2,Square plot,3,0,0,0,71,28,1,0,0,1,13929.36,1392.936
DOT (OH),Late season,2,Square plot,3,0,0,0,89,4,7,0,0,1,13929.36,1392.936
DOT (OH),Late season,2,Square plot,3,0,3,0,35,42,23,0,0,1,13929.36,1392.936
DOT (OH),Late season,2,Square plot,3,NA,NA,NA,NA,NA,NA,NA,NA,NA,13929.36,1392.936
DOT (OH),Late season,2,Square plot,3,0,0,0,46,34,20,0,0,1,13929.36,1392.936
DOT (OH),Late season,2,Square plot,4,0,0,0,81,1,18,0,0,1,13929.36,1392.936
DOT (OH),Late season,2,Square plot,4,0,2,0,83,8,9,0,0,1,13929.36,1392.936
DOT (OH),Late season,2,Square plot,4,1,1,0,67,7,26,0,0,1,13929.36,1392.936
DOT (OH),Late season,2,Square plot,4,0,0,0,94,3,3,0,0,1,13929.36,1392.936
DOT (OH),Late season,2,Square plot,4,0,0,0,96,2,2,0,0,1,13929.36,1392.936
DOT (OH),Late season,2,Square plot,4,0,0,0,98,1,1,0,0,1,13929.36,1392.936
DOT (OH),Late season,2,Square plot,4,0,0,0,97,2,1,0,0,1,13929.36,1392.936
DOT (OH),Late season,2,Square plot,4,0,0,0,85,2,13,0,0,1,13929.36,1392.936
DOT (OH),Late season,2,Square plot,4,0,0,0,62,18,20,0,0,1,13929.36,1392.936
DOT (OH),Late season,2,Square plot,4,0,6,0,49,48,3,0,0,1,13929.36,1392.936
DOT (OH),Late season,2,Square plot,5,0,0,0,81,13,6,0,0,1,13929.36,1392.936
DOT (OH),Late season,2,Square plot,5,0,1,0,12,87,1,0,0,1,13929.36,1392.936
DOT (OH),Late season,2,Square plot,5,4,3,0,90,7,3,0,0,1,13929.36,1392.936
DOT (OH),Late season,2,Square plot,5,6,3,0,67,32,1,0,0,1,13929.36,1392.936
DOT (OH),Late season,2,Square plot,5,0,5,0,18,68,14,0,0,1,13929.36,1392.936
DOT (OH),Late season,2,Square plot,5,0,1,0,97,2,1,0,0,1,13929.36,1392.936
DOT (OH),Late season,2,Square plot,5,0,0,0,25,45,30,0,0,1,13929.36,1392.936
DOT (OH),Late season,2,Square plot,5,0,0,0,95,1,4,0,0,1,13929.36,1392.936
DOT (OH),Late season,2,Square plot,5,1,0,0,92,3,5,0,0,1,13929.36,1392.936
DOT (OH),Late season,2,Square plot,5,0,0,0,81,0,19,0,0,1,13929.36,1392.936
DOT (OH),Late season,2,Square plot,6,1,0,0,85,5,10,0,0,1,13929.36,1392.936
DOT (OH),Late season,2,Square plot,6,0,2,0,80,20,0,0,0,1,13929.36,1392.936
DOT (OH),Late season,2,Square plot,6,0,0,0,78,20,2,0,0,1,13929.36,1392.936
DOT (OH),Late season,2,Square plot,6,0,0,0,70,21,9,0,0,1,13929.36,1392.936
DOT (OH),Late season,2,Square plot,6,0,0,0,53,17,30,0,0,1,13929.36,1392.936
DOT (OH),Late season,2,Square plot,6,0,0,0,55,38,7,0,0,1,13929.36,1392.936
DOT (OH),Late season,2,Square plot,6,0,0,0,88,3,9,0,0,1,13929.36,1392.936
DOT (OH),Late season,2,Square plot,6,0,4,0,18,52,30,0,0,1,13929.36,1392.936
DOT (OH),Late season,2,Square plot,6,0,0,0,70,2,28,0,0,1,13929.36,1392.936
DOT (OH),Late season,2,Square plot,6,0,0,0,66,22,12,0,0,1,13929.36,1392.936
DOT (OH),Late season,2,Square plot,7,0,0,0,87,8,5,0,0,1,13929.36,1392.936
DOT (OH),Late season,2,Square plot,7,0,0,0,20,80,0,0,0,1,13929.36,1392.936
DOT (OH),Late season,2,Square plot,7,0,0,0,82,15,3,0,0,1,13929.36,1392.936
DOT (OH),Late season,2,Square plot,7,0,0,0,84,15,1,0,0,1,13929.36,1392.936
DOT (OH),Late season,2,Square plot,7,0,0,0,70,27,3,0,0,1,13929.36,1392.936
DOT (OH),Late season,2,Square plot,7,0,0,0,92,7,1,0,0,1,13929.36,1392.936
DOT (OH),Late season,2,Square plot,7,0,0,0,81,19,0,0,0,1,13929.36,1392.936
DOT (OH),Late season,2,Square plot,7,0,0,0,4,95,1,0,0,1,13929.36,1392.936
DOT (OH),Late season,2,Square plot,7,0,0,0,4,96,0,0,0,1,13929.36,1392.936
DOT (OH),Late season,2,Square plot,7,0,0,0,90,8,2,0,0,1,13929.36,1392.936
DOT (OH),Late season,2,Square plot,8,0,0,0,28,12,60,0,0,1,13929.36,1392.936
DOT (OH),Late season,2,Square plot,8,0,0,0,98,0,2,0,0,1,13929.36,1392.936
DOT (OH),Late season,2,Square plot,8,0,0,0,97,2,1,0,0,1,13929.36,1392.936
DOT (OH),Late season,2,Square plot,8,0,0,0,0,99,1,0,0,1,13929.36,1392.936
DOT (OH),Late season,2,Square plot,8,0,0,0,10,86,4,0,0,1,13929.36,1392.936
DOT (OH),Late season,2,Square plot,8,0,0,0,8,90,2,0,0,1,13929.36,1392.936
DOT (OH),Late season,2,Square plot,8,0,0,0,72,20,8,0,0,1,13929.36,1392.936
DOT (OH),Late season,2,Square plot,8,0,0,0,75,16,9,0,0,1,13929.36,1392.936
DOT (OH),Late season,2,Square plot,8,0,0,0,92,7,1,0,0,1,13929.36,1392.936
DOT (OH),Late season,2,Square plot,8,0,0,0,75,16,9,0,0,1,13929.36,1392.936
DOT (OH),Late season,2,Square plot,9,0,0,0,91,8,1,0,0,1,13929.36,1392.936
DOT (OH),Late season,2,Square plot,9,0,0,0,90,9,1,0,0,1,13929.36,1392.936
DOT (OH),Late season,2,Square plot,9,0,0,0,93,6,1,0,0,1,13929.36,1392.936
DOT (OH),Late season,2,Square plot,9,0,0,0,59,41,0,0,0,1,13929.36,1392.936
DOT (OH),Late season,2,Square plot,9,0,0,0,87,12,1,0,0,1,13929.36,1392.936
DOT (OH),Late season,2,Square plot,9,0,0,0,99,0,1,0,0,1,13929.36,1392.936
DOT (OH),Late season,2,Square plot,9,0,0,0,96,2,2,0,0,1,13929.36,1392.936
DOT (OH),Late season,2,Square plot,9,1,2,0,86,12,2,0,0,1,13929.36,1392.936
DOT (OH),Late season,2,Square plot,9,1,1,0,75,25,0,0,0,1,13929.36,1392.936
DOT (OH),Late season,2,Square plot,9,0,0,0,65,30,5,0,0,1,13929.36,1392.936
DOT (OH),Late season,2,Square plot,10,0,0,0,96,0,4,0,0,1,13929.36,1392.936
DOT (OH),Late season,2,Square plot,10,0,0,0,98,0,2,0,0,1,13929.36,1392.936
DOT (OH),Late season,2,Square plot,10,0,0,0,96,2,2,0,0,1,13929.36,1392.936
DOT (OH),Late season,2,Square plot,10,0,2,0,78,20,2,0,0,1,13929.36,1392.936
DOT (OH),Late season,2,Square plot,10,0,0,0,90,2,8,0,0,1,13929.36,1392.936
DOT (OH),Late season,2,Square plot,10,0,0,0,50,40,10,0,0,1,13929.36,1392.936
DOT (OH),Late season,2,Square plot,10,0,0,0,65,30,5,0,0,1,13929.36,1392.936
DOT (OH),Late season,2,Square plot,10,0,0,0,52,47,1,0,0,1,13929.36,1392.936
DOT (OH),Late season,2,Square plot,10,0,0,0,96,1,3,0,0,1,13929.36,1392.936
DOT (OH),Late season,2,Square plot,10,0,0,0,96,1,3,0,0,1,13929.36,1392.936
DOT (OH),Late season,2,CCAA,6,433,1,0,58,42,0,0,0,139.4,13929.36,1392.936
DOT (OH),Late season,2,Machine learning,1,74,0,4,4,9,74,0,9,1392.936,13929.36,1392.936
DOT (OH),Late season,2,Machine learning,2,234,0,4,6,7,78,0,5,1392.936,13929.36,1392.936
DOT (OH),Late season,2,Machine learning,3,12,0,2,7,3,81,0,7,1392.936,13929.36,1392.936
DOT (OH),Late season,2,Machine learning,4,299,0,1,4,7,86,0,2,1392.936,13929.36,1392.936
DOT (OH),Late season,2,Machine learning,5,283,0,1,6,6,84,0,3,1392.936,13929.36,1392.936
DOT (OH),Late season,2,Machine learning,6,1,0,1,9,4,80,0,6,1392.936,13929.36,1392.936
DOT (OH),Late season,2,Machine learning,7,8,0,10,7,11,66,0,6,1392.936,13929.36,1392.936
DOT (OH),Late season,2,Machine learning,8,32,0,8,6,12,69,0,5,1392.936,13929.36,1392.936
DOT (OH),Late season,2,Machine learning,9,37,0,6,8,8,73,0,5,1392.936,13929.36,1392.936
DOT (OH),Late season,2,Machine learning,10,0,0,1,10,6,80,0,3,1392.936,13929.36,1392.936
